month,revenue,production,operations,payroll,marketing,other
2025-09,61838,19074,9242,19380,2423,1640
2025-10,63123,19559,10542,17809,2656,1571
2025-11,62968,19235,9296,19315,2440,1316
2025-12,77971,24394,10147,19670,2744,2556
2026-01,53521,17341,9538,19214,2061,1298
2026-02,53238,16385,9896,19476,2161,1234
2026-03,60946,18663,10492,18410,2345,1305
2026-04,63908,20720,10908,20053,2462,1510
2026-05,68831,21810,9857,19580,2460,1707
2026-06,74404,24645,10664,18732,3369,1570
2026-07,75350,25763,11031,19771,3318,2377
2026-08,76866,27917,9616,19055,5089,1831
